query,part_key
 TOYOTA   LED大燈燈泡,1-2
客語童謠,1-2
太陽能板電線光伏線(含接頭),1-2
26吋淑女車,1-2
光明 天使 咲夜,1-2
TesterPro泰斯達工程寶TDR2.0斷點和短路測量工程寶選裝功能,1-2
定慧初修,1-2
1/24fujimi ferrari,1-2
鋼彈 雙頭 麥克筆,1-2
ipad a1474,1-2
4tb  segate,1-2
ASUS S500MC,1-2
slf1-jp001 普卡,1-2
reno2,1-2
旗帆格箱子,1-2
playarts改 雷光 ,1-2
VA Hi-SPEC 閃電霹靂車 阿斯拉G.S.X,1-2
MTS RPT10WVU無線電伸縮天線,1-2
小米行車紀錄儀,1-2
約會口罩,1-2
rotiform zmo,2-4
兒童 鼻墊,2-4
輪胎 110/70/17,2-4
賽拉之蟲惑魔 半鑽,2-4
信長之野望．新生 with 威力加強版 ,2-4
Herman Miller ,2-4
微型370真空泵 水泵 自吸泵 負壓氣泵,2-4
床頭櫃MIT,2-4
起車钉,2-4
變形金剛 鋼索與擎天駐 絕跡重生 大,2-4
二手女童襪子,2-4
Naturehike-P4,2-4
環球 魔物獵人 艾露貓,2-4
席琳狄翁 天長地久,2-4
火腿豬玩偶,2-4
X14,2-4
120 90-17,2-4
槍管 軌道,2-4
40A V2,2-4
小秤子,2-4
cbb61 5線,4-6
 義經英雄傳 ,4-6
bws'r125,4-6
蝙蝠俠 殺戮機器,4-6
新超人力霸王 海報,4-6
fate zero saber,4-6
18650 4節 行動電源,4-6
air max 95,4-6
麥當娜全集,4-6
RELAX TIME ,4-6
冰冷,4-6
500w行動電源,4-6
藍芽收音機音響,4-6
獨角獸 水貼,4-6
BLDC 四極,4-6
分離式冷氣 溫控電腦,4-6
M12TC-0 ,4-6
zeus 506,4-6
type c 充電線 choetech,4-6
第6村人,4-6
握把 pts aeg,6-10
voice of the blessed,6-10
i5 b85,6-10
brembo 側推,6-10
50PUH6082,6-10
客家人,6-10
池咲ミサ　,6-10
yamaha rgx,6-10
游標卡尺 台灣製,6-10
VJMP-JP207,6-10
矽膠 排汗帶,6-10
食品乾燥劑,6-10
空中接頭端子鉗,6-10
透膚衣,6-10
mas 1/144,6-10
碧藍航線 gk,6-10
toyota wish塑膠扣,6-10
開孔 延長桿,6-10
鉬元素 DPF 柴油,6-10
pm2.5偵測器,6-10
命運之輪,10-15
德國 中心沖,10-15
hguc 獨角獸,10-15
caesar 凱撒 馬桶,10-15
夜光石 飾,10-15
回頭車,10-15
神的通告,10-15
西藏阿里東嘎壁畫窟,10-15
hololive 雪花菈米 雪花 抱枕套,10-15
3m雙面膠帶,10-15
早期熨斗,10-15
柔蝶防蚊液,10-15
bbk擴管工具,10-15
hexard,10-15
萬能驅動板,10-15
黑炫風 500ml,10-15
bmw gs,10-15
ASTONE RT1300F,10-15
除霧鏡,10-15
點煙器充電器,10-15
宣德爐,15-26
hpa 200  Honeywell ,15-26
hirobo,15-26
庫侖計,15-26
千值練 邪虎丸,15-26
r50,15-26
x7-g800v,15-26
nordost odin,15-26
牙籤,15-26
15ax-jp000 雷射,15-26
kobe8,15-26
老人 椅,15-26
取芯刀,15-26
麻購物袋,15-26
遊戲盒,15-26
figma fate,15-26
V5-471,15-26
Olympus om 轉 m43,15-26
汽車冷媒止漏劑,15-26
日向坂46 10th,15-26
三浦步美,26-46
正品蜂毒牙膏焱清護齦美白去黃去漬除口臭去漬亮白薄荷牙膏批發,26-46
沃鬆1號,26-46
vivo 125,26-46
腎寶片,26-46
1984,26-46
古董家電,26-46
六花亭,26-46
晨曦公主,26-46
asus 腳墊,26-46
gtx 筆電,26-46
數位轉盤,26-46
op01-121,26-46
Xsara,26-46
R15 ohlins ,26-46
rca 12bh7,26-46
紗布,26-46
聖衣神話 ex 巨蟒,26-46
bd,26-46
"""i3"" ""3250""",26-46
紅樓夢,46-95
獨角巨龍,46-95
去角質精華液,46-95
防彈盾牌,46-95
t91 gbb,46-95
千山獨行,46-95
露西,46-95
hololive lawson,46-95
a70手機套,46-95
玩命關頭 x,46-95
mazda5,46-95
ac03-jp018 半,46-95
感應式門鈴,46-95
3尺魚缸,46-95
bmw x6,46-95
氰化鉀.,46-95
同人誌 百合,46-95
煤油燈,46-95
game gear,46-95
家有女友,46-95
二行程機油,95-261
萬板模型,95-261
honda,95-261
機車機油,95-261
義父,95-261
蜂鳴器,95-261
洗衣機排水管,95-261
營繩,95-261
伊蘇 x,95-261
4號電池,95-261
電池充電器,95-261
海龍滅火器,95-261
RG,95-261
淋浴升降杆,95-261
行動電源100000,95-261
李玟雜誌,95-261
槍機拉柄,95-261
rg,95-261
蜂蜜,95-261
床單,95-261
長牙獅零式,261-8k
二,261-8k
制服,261-8k
鏈鋸人,261-8k
四驅車,261-8k
理髮器,261-8k
毛巾,261-8k
MGSD,261-8k
太陽能風扇,261-8k
冷氣機,261-8k
枕頭,261-8k
媽媽禮服,261-8k
洗臉盆,261-8k
掛軸,261-8k
shf 杠,261-8k
抽水機,261-8k
割草機刀片,261-8k
fgo,261-8k
海賊王,261-8k
二手冷氣,261-8k
